{
  "events": [
    {
      "id": 1,
      "name": "event-1",
      "created_at": "2018-04-13 21:53:17.892 +00:00",
      "updated_at": "2018-04-13 21:53:17.892 +00:00",
      "starts": "2018-04-13 21:53:17.892 +00:00",
      "ends": "2018-04-13 22:53:17.892 +00:00",
      "type": "ICO"
    },
    {
      "id": 2,
      "name": "event-2",
      "created_at": "2018-04-13 21:53:17.892 +00:00",
      "updated_at": "2018-04-13 21:53:17.892 +00:00",
      "starts": "2018-04-14 21:53:17.892 +00:00",
      "ends": "2018-04-14 22:53:17.892 +00:00",
      "type": "ICO"
    },
    {
      "id": 3,
      "name": "event-3",
      "created_at": "2018-04-13 21:53:17.892 +00:00",
      "updated_at": "2018-04-13 21:53:17.892 +00:00",
      "starts": "2018-04-15 21:53:17.892 +00:00",
      "ends": "2018-04-15 22:53:17.892 +00:00",
      "type": "ICO"
    },
    {
      "id": 4,
      "name": "event-4",
      "created_at": "2018-04-13 21:53:17.892 +00:00",
      "updated_at": "2018-04-13 21:53:17.892 +00:00",
      "starts": "2018-04-16 21:53:17.892 +00:00",
      "ends": "2018-04-16 22:53:17.892 +00:00",
      "type": "ICO"
    },
    {
      "id": 5
    }
  ]
}